{
    "type": "application",
    "source-directories": [
        "src"
    ],
    "elm-version": "0.19.1",
    "dependencies": {
        "direct": {
            "elm/browser": "1.0.2",
            "elm/core": "1.0.5",
            "elm/html": "1.0.0",
            "elm/http": "2.0.0",
            "elm/json": "1.1.3",
            "elm/time": "1.0.0",
            "elm/url": "1.0.0",
            "terezka/elm-charts": "3.0.0"
        },
        "indirect": {
            "danhandrea/elm-time-extra": "1.1.0",
            "debois/elm-dom": "1.3.0",
            "elm/bytes": "1.0.8",
            "elm/file": "1.0.5",
            "elm/parser": "1.1.0",
            "elm/svg": "1.0.1",
            "elm/virtual-dom": "1.0.3",
            "justinmimbs/date": "4.0.1",
            "justinmimbs/time-extra": "1.1.1",
            "myrho/elm-round": "1.0.4",
            "ryannhg/date-format": "2.3.0",
            "terezka/intervals": "2.0.1"
        }
    },
    "test-dependencies": {
        "direct": {
            "elm-explorations/test": "2.0.1"
        },
        "indirect": {
            "elm/random": "1.0.0"
        }
    }
}
